{"cameraMode":{"drawMode":0,"name":"Shaded","section":"Shading Mode"},"sceneLighting":false,"audioPlay":false,"sceneViewState":{"m_AlwaysRefresh":false,"showFog":true,"showSkybox":false,"showFlares":true,"showImageEffects":true,"showParticleSystems":true,"showVisualEffectGraphs":true,"m_FxEnabled":true},"in2DMode":false,"pivot":{"x":4.770408630371094,"y":0.9801457524299622,"z":-1.749685287475586},"rotation":{"x":0.022330207750201227,"y":0.20192918181419373,"z":-0.004651024006307125,"w":0.9791936278343201},"size":6.994668960571289,"orthographic":false}