{"cameraMode":{"drawMode":0,"name":"Shaded","section":"Shading Mode"},"sceneLighting":true,"audioPlay":false,"sceneViewState":{"showFog":true,"showMaterialUpdate":false,"showSkybox":false,"showFlares":true,"showImageEffects":true,"showParticleSystems":true},"in2DMode":false,"pivot":{"x":-75.1613998413086,"y":66.09947204589844,"z":233.54783630371095},"rotation":{"x":0.02473670244216919,"y":0.5136674642562866,"z":-0.014761736616492272,"w":0.857546865940094},"size":28.28868865966797,"orthographic":false}