{"cameraMode":{"drawMode":0,"name":"Shaded","section":"Shading Mode"},"sceneLighting":false,"audioPlay":false,"sceneViewState":{"showFog":true,"showMaterialUpdate":false,"showSkybox":false,"showFlares":true,"showImageEffects":true,"showParticleSystems":true},"in2DMode":false,"pivot":{"x":-0.02319049835205078,"y":0.6449272036552429,"z":-0.648186445236206},"rotation":{"x":0.3743424117565155,"y":0.05142096057534218,"z":-0.02079509012401104,"w":0.9256312251091003},"size":6.994668960571289,"orthographic":false}